id,name,email,country
1,Duane Tolliday,dtolliday0@oakley.com,Portugal
2,Neda Crinage,ncrinage1@home.pl,Russia
3,Agretha Pembery,apembery2@google.es,United States
4,Zacharia McRoberts,zmcroberts3@mediafire.com,Indonesia
5,Dickie Krysiak,dkrysiak4@posterous.com,Russia
6,Granthem Mattheissen,gmattheissen5@stanford.edu,Colombia
7,Rosalind Greder,rgreder6@studiopress.com,Australia
8,Quincy Cousen,qcousen7@washingtonpost.com,Tanzania
9,Sharl Girodier,sgirodier8@google.com.br,Russia
10,Katrinka Glewe,kglewe9@uol.com.br,Russia
11,Leontine Faunch,lfauncha@sina.com.cn,China
12,Sheppard Speake,sspeakeb@state.tx.us,Indonesia
13,Davina Prendergrass,dprendergrassc@wikia.com,Indonesia
14,Brande Bricket,bbricketd@omniture.com,Brazil
15,Roley Fellgett,rfellgette@ucoz.ru,China
16,Brook Challace,bchallacef@webs.com,Lithuania
17,Court Burgyn,cburgyng@google.com,China
18,Renie Heinritz,rheinritzh@cyberchimps.com,Japan
19,Goddard Mansuer,gmansueri@bloglovin.com,Tuvalu
20,Blaire Ruston,brustonj@shop-pro.jp,Russia
21,Sutton Londer,slonderk@omniture.com,Russia
22,Yolanthe Geertsen,ygeertsenl@va.gov,Croatia
23,Jean MacVaugh,jmacvaughm@geocities.com,Indonesia
24,Tamara Gayter,tgaytern@bloglovin.com,Iran
25,Celesta Pyford,cpyfordo@nytimes.com,Colombia
26,Tull Abate,tabatep@nyu.edu,United States
27,Augustus Hassell,ahassellq@vinaora.com,China
28,Vin Malyan,vmalyanr@printfriendly.com,Morocco
29,Boothe Showt,bshowts@npr.org,Estonia
30,Chet Starte,cstartet@unesco.org,Peru
31,Hatty Hebbron,hhebbronu@opera.com,Sweden
32,Catherine Plumstead,cplumsteadv@nature.com,Russia
33,Crystie Drinkale,cdrinkalew@nifty.com,Malawi
34,Claiborne Rushman,crushmanx@npr.org,Vietnam
35,Monte Baulcombe,mbaulcombey@ocn.ne.jp,Bahamas
36,Angela Simion,asimionz@cnn.com,Canada
37,Dave Archdeckne,darchdeckne10@reuters.com,United States
38,Casper Janoschek,cjanoschek11@about.me,Czech Republic
39,Artair Brandolini,abrandolini12@senate.gov,Mexico
40,Callie Foye,cfoye13@wufoo.com,Philippines
41,Virgie Finnimore,vfinnimore14@tmall.com,Pakistan
42,Germain Genner,ggenner15@smugmug.com,Indonesia
43,Liva Cowtherd,lcowtherd16@cornell.edu,Philippines
44,Ainslee Hunstone,ahunstone17@artisteer.com,Kazakhstan
45,Rosalinda Gaffey,rgaffey18@cloudflare.com,China
46,Ninette Stubbeley,nstubbeley19@disqus.com,Pakistan
47,Jeni Manjot,jmanjot1a@amazon.co.uk,China
48,Branden Bangiard,bbangiard1b@google.pl,Philippines
49,John Tunstall,jtunstall1c@vistaprint.com,Thailand
50,Annissa Ratnege,aratnege1d@weather.com,Egypt
51,Merrel Lieber,mlieber1e@ning.com,Syria
52,Barry Itzhaki,bitzhaki1f@edublogs.org,Brazil
53,Fayth Cunney,fcunney1g@addthis.com,Brazil
54,Valentina Glencrosche,vglencrosche1h@oracle.com,Sweden
55,Cori Graveson,cgraveson1i@flickr.com,Greece
56,Meggie Dimont,mdimont1j@abc.net.au,Indonesia
57,Noelle Sebert,nsebert1k@biblegateway.com,Ukraine
58,Lyell Reburn,lreburn1l@bbb.org,Indonesia
59,Jacinthe Hurnell,jhurnell1m@opera.com,Ukraine
60,Martin Roswarne,mroswarne1n@vinaora.com,France
61,Nicola Lorain,nlorain1o@tinypic.com,China
62,Siegfried McDunlevy,smcdunlevy1p@paginegialle.it,Brazil
63,Aron Cainey,acainey1q@huffingtonpost.com,China
64,Isac Storre,istorre1r@miitbeian.gov.cn,China
65,Patrick Yashunin,pyashunin1s@cdbaby.com,Indonesia
66,Tammy Alderwick,talderwick1t@comcast.net,China
67,Kingsly Worden,kworden1u@ustream.tv,Iran
68,Hamil Jochen,hjochen1v@weibo.com,Dominican Republic
69,Kirbee MacCafferty,kmaccafferty1w@washingtonpost.com,China
70,Christiano Eccersley,ceccersley1x@apache.org,Latvia
71,Matilde Wrigglesworth,mwrigglesworth1y@toplist.cz,Paraguay
72,Elisha Syrad,esyrad1z@bigcartel.com,Sweden
73,George Kruse,gkruse20@wix.com,Iran
74,Berni Allan,ballan21@latimes.com,Sweden
75,Lane Thaw,lthaw22@nasa.gov,Philippines
76,Benedetto Ambrozewicz,bambrozewicz23@tmall.com,Norway
77,Pamella Folks,pfolks24@macromedia.com,China
78,Cecile Selesnick,cselesnick25@virginia.edu,Uruguay
79,Verney Mocher,vmocher26@dyndns.org,South Africa
80,Marti Elix,melix27@elpais.com,China
81,Elwood Trower,etrower28@yahoo.com,China
82,Addy Blindermann,ablindermann29@arstechnica.com,China
83,Lucien Bradwell,lbradwell2a@sphinn.com,Thailand
84,Armando Pavelin,apavelin2b@va.gov,Mexico
85,Libby Schaumaker,lschaumaker2c@reverbnation.com,Russia
86,Paige Anthoine,panthoine2d@blogtalkradio.com,Ireland
87,Artie Koch,akoch2e@admin.ch,Mexico
88,Arvin Byk,abyk2f@weibo.com,Russia
89,Tabatha Boxhill,tboxhill2g@facebook.com,Brazil
90,Cassandra Lytle,clytle2h@elpais.com,Madagascar
91,Gwendolyn Manass,gmanass2i@indiegogo.com,China
92,Clemmie Sargood,csargood2j@vinaora.com,China
93,Kip Cullimore,kcullimore2k@reverbnation.com,Mexico
94,Glad Prigg,gprigg2l@privacy.gov.au,Paraguay
95,Farris Kettlestringe,fkettlestringe2m@pbs.org,China
96,Saunder MacWhan,smacwhan2n@mozilla.org,Hungary
97,Yolanda Tremathick,ytremathick2o@t-online.de,Philippines
98,Everard Sawdy,esawdy2p@theatlantic.com,Philippines
99,Vivi McWard,vmcward2q@home.pl,China
100,Spence MacAscaidh,smacascaidh2r@ning.com,Brazil
