id,name
1,Markos Bricknall
2,Joshua Shillan
3,Alvina Meiklejohn
4,Kari Callard
5,Merrick Rowlstone
6,Elke Berryman
7,Verne Blowing
8,Vonnie Cayley
9,Dimitri Grimwade
10,Roderigo Arendt
11,Henriette Tesyro
12,Jonathon Hellis
13,Louie Le Marquand
14,Winonah Jon
15,Ring Thatcham
16,Joyous Hornung
17,Emlyn Aisthorpe
18,Leonidas Fawley
19,Warner Chestney
20,Cece Heath
21,Krystle Desbrow
22,Elisabetta Pendlebury
23,Anatol Truelock
24,Sheffield Sprosson
25,Imelda Britton
26,Paulie Quick
27,Gasparo Grinikhin
28,Alvinia Edwardson
29,Cameron Lenahan
30,Evangeline Vallerine
31,Annabel Readshaw
32,Gray Raden
33,Demetrius Rosettini
34,Ettore McCreary
35,Bethena Wooderson
36,Allie Bunson
37,Vincents Denne
38,Tiphany Leech
39,Randi O'Hoolahan
40,Shea O'Nowlan
41,Oralie Streeten
42,Cherish Hunnybun
43,Sidoney Pashen
44,Wendall Rosa
45,Bernhard Challin
46,Odette Wooffitt
47,Perri Tallet
48,Bartholomew Arnaudi
49,Donelle McDuffy
50,Vannie McShane
51,Johanna Diggle
52,Stacee Lumsdale
53,Rossie Blissett
54,Abbi Leys
55,Claybourne Valerio
56,Ailina Lethbrig
57,Guinevere Creighton
58,Tatum O'Loughane
59,Katerine Peacop
60,Paten Guerreiro
61,Nettie Fursland
62,Irvin McTavish
63,Marjory Matteoni
64,Janie Heephy
65,Jimmie Laker
66,Fielding Nolleau
67,Goldarina Alcido
68,Mateo Rothchild
69,Brandie Alejo
70,Gertrude Gentreau
71,Ninetta Autry
72,Hildy Andersen
73,Sela Longfield
74,Elladine Menego
75,Arleyne Poltun
76,Salmon Collibear
77,Claudine Cowderay
78,Camellia Boncore
79,Charmine Nineham
80,Sharon Noirel
81,Kylen Sturdgess
82,Nomi Shingles
83,Gaspard Smy
84,Ibbie Jack
85,Ferdie Keedwell
86,Anett Bayley
87,Courtenay Dunthorn
88,Khalil Brown
89,Maryjane Crittal
90,Quint Gwilt
91,Kelley Gypps
92,Ophelie Wilhelmy
93,Gilda Waghorne
94,Waneta Davenhill
95,Ximenez Yu
96,Cindy Spadari
97,Meredith Popelay
98,Cicily Mansuer
99,Allis Redfield
100,Andrea Wetherhead
