id,role,
59,President,
60,President,
61,President,
62,President,
63,President,
64,President,
65,President,
66,President,
67,President,
68,President,
69,President,
70,Secretary,
71,Secretary,
72,Secretary,
73,Tresureer,
74,Tresureer,
75,Manager,
76,Manager,
77,Manager,
78,Manager,
79,Manager,
80,Manager,
81,Manager,
82,Manager,
83,Manager,
84,Manager,
85,Manager,
86,Manager,
87,Manager,
88,Manager,
89,Manager,
90,Medical trainer,
91,Medical trainer,
92,Medical trainer,
93,Medical trainer,
94,Medical trainer,
95,Medical trainer,
96,Medical trainer,
97,Medical trainer,
98,Medical trainer,
99,Medical trainer,
100,Medical trainer,
